Major Groups,Avg. 2013,Jan. 2014,Feb. 2014,Mar. 2014,Apr. 2014,May. 2014,Jun. 2014,Jul. 2014,Aug. 2014,Sep. 2014,Oct. 2014,Nov. 2014,Dec. 2014,Avg. 2014,% Change
Raw Materials,100.00,99.38,100.13,100.21,100.32,99.84,99.62,99.24,99.16,99.99,100.26,99.93,99.55,99.80,-0.20
Rental of equipment,100.00,100.96,101.13,101.28,102.05,102.21,102.57,102.58,102.79,102.89,101.63,101.24,101.52,101.91,1.91
Labor costs and wages,100.00,100.84,100.84,100.84,100.84,100.84,101.08,101.08,101.08,101.94,101.94,101.94,102.49,101.31,1.31
Overall Construction Cost Index,100.00,99.81,100.34,100.42,100.52,100.20,100.12,99.86,99.81,100.62,100.75,100.50,100.39,100.28,0.28
Main Group,Avg. 2014,Jan. 2015,Feb. 2015,Mar. 2015,Apr. 2015,May. 2015,Jun. 2015,Jul. 2015,Aug. 2015,Sep. 2015,Oct. 2015,Nov. 2015,Dec. 2015,Avg. 2015,% Change
Raw materials,99.80,98.74,98.55,97.50,97.26,96.96,96.38,96.31,94.42,93.18,92.64,91.48,91.12,95.38,-4.43
Hiring of equipment,101.91,100.34,99.43,99.40,98.90,99.39,99.45,99.28,99.29,99.51,99.12,99.11,98.55,99.31,-2.54
Labour cost and wages,101.31,102.49,102.49,104.38,104.38,104.38,105.67,105.67,105.67,109.69,109.69,109.69,110.37,106.22,4.84
General index,100.28,99.78,99.61,99.31,99.12,98.93,98.86,98.80,97.49,97.59,97.21,96.40,96.30,98.28,-1.99
Main Group,Avg. 2015,Jan. 2016,Feb. 2016,Mar. 2016,Apr. 2016,May. 2016,Jun. 2016,Jul. 2016,Aug. 2016,Sep. 2016,Oct. 2016,Nov. 2016,Dec. 2016,Avg. 2016,% Change
Raw materials,95.38,90.22,89.75,91.94,94.69,97.64,95.72,94.31,93.16,93.00,92.27,93.32,94.49,93.38,-2.10
Hiring of equipment,99.31,98.98,98.70,98.58,98.86,99.27,99.00,99.24,100.22,101.11,101.88,101.91,102.03,99.98,0.67
Labour cost and wages,106.22,110.37,110.37,114.64,114.64,114.64,117.13,117.13,117.13,117.58,117.58,117.58,118.83,115.64,8.87
General index,98.28,95.70,95.37,97.89,99.81,101.86,101.16,100.20,99.45,99.50,99.03,99.75,100.93,99.22,0.95
Main Group,Avg. 2016,Jan. 2017,Feb. 2017,Mar. 2017,Apr. 2017,May. 2017,Jun. 2017,Jul. 2017,Aug. 2017,Sep. 2017,Oct. 2017,Nov. 2017,Dec. 2017,Avg. 2017,% Change
Raw materials,93.38,95.45,95.58,95.08,94.75,94.90,94.72,95.10,95.91,97.31,98.14,98.12,99.23,96.19,3.01
Hiring of equipment,99.98,101.86,101.70,102.16,102.30,102.11,102.10,102.54,102.30,102.07,102.50,102.45,102.45,102.21,2.23
Labour cost and wages,115.64,118.83,118.83,120.75,120.75,120.75,120.89,120.89,120.89,121.35,121.35,121.35,122.19,120.74,4.41
General index,99.22,101.58,101.67,101.81,101.60,101.69,101.65,101.94,102.49,103.54,104.13,104.12,105.10,102.61,3.42
Main Group,Avg. 2017,Jan. 2018,Feb. 2018,Mar. 2018,Apr. 2018,May. 2018,Jun. 2018,Jul. 2018,Aug. 2018,Sep. 2018,Oct. 2018,Nov. 2018,Dec. 2018,Avg. 2018,% Change
Raw materials,96.19,99.24,99.56,100.39,100.38,100.31,100.26,100.17,100.15,100.06,100.04,100.11,99.76,100.03,4.00
Hiring of equipment,102.21,102.38,102.75,102.73,102.68,102.67,102.61,102.57,102.43,102.07,102.43,102.36,102.40,102.51,0.29
Labour cost and wages,120.74,122.19,122.19,121.31,121.31,121.31,121.03,121.03,121.03,121.08,121.08,121.08,122.50,121.43,0.58
General index,102.61,105.10,105.34,105.74,105.73,105.68,105.61,105.54,105.52,105.46,105.47,105.51,105.61,105.53,2.84
Main Group,Avg. 2018,Jan. 2019,Feb. 2019,Mar. 2019,Apr. 2019,May. 2019,Jun. 2019,Jul. 2019,Aug. 2019,Sep. 2019,Oct. 2019,Nov. 2019,Dec. 2019,Avg. 2019,% Change
Raw materials,100.03,99.40,99.00,99.29,98.67,98.52,97.97,97.95,97.36,96.82,94.91,94.62,94.34,97.40,-2.63
Hiring of equipment,102.51,102.22,102.70,102.40,102.49,102.55,102.39,102.75,101.70,102.16,101.73,102.08,101.62,102.23,-0.27
Labour cost and wages,121.43,122.50,122.50,123.06,123.06,123.06,124.69,124.69,124.69,126.61,126.61,126.61,129.23,124.78,2.76
General index,105.53,105.35,105.09,105.40,104.98,104.87,104.88,104.87,104.42,104.55,103.21,103.03,103.38,104.50,-0.97
Main Group,Avg. 2019,Jan. 2020,Feb. 2020,Mar. 2020,Apr. 2020,May. 2020,Jun. 2020,Jul. 2020,Aug. 2020,Sep. 2020,Oct. 2020,Nov. 2020,Dec. 2020,Avg. 2020,% Change
Raw materials,97.40,94.04,93.81,94.23,94.41,93.51,93.02,93.06,92.97,92.91,92.86,92.90,95.37,93.59,-3.92
Hiring of equipment,102.23,102.08,101.91,100.99,100.33,101.04,101.09,100.65,100.87,101.03,100.94,101.11,101.61,101.14,-1.07
Labour cost and wages,124.78,129.23,129.23,130.59,130.59,130.59,131.20,131.20,131.20,132.46,132.46,132.46,135.56,131.40,5.31
General index,104.50,103.20,103.03,103.61,103.71,103.12,102.96,102.94,102.89,103.16,103.12,103.16,105.60,103.37,-1.08
Main Group,Avg. 2020,Jan. 2021,Feb. 2021,Mar. 2021,Apr. 2021,May. 2021,Jun. 2021,Jul. 2021,Aug. 2021,Sep. 2021,Oct. 2021,Nov. 2021,Dec. 2021,Avg. 2021,% Change
Raw materials,93.59,99.29,98.61,99.13,101.51,103.95,106.72,107.03,106.43,106.44,107.10,110.70,109.95,104.74,11.91
Hiring of equipment,101.14,101.57,101.34,101.25,101.33,101.28,101.44,101.71,101.25,101.20,101.98,101.84,101.70,101.49,0.35
Labour cost and wages,131.40,135.56,135.56,137.28,137.28,137.28,139.02,139.02,139.02,139.68,139.68,139.68,140.15,138.26,5.23
General index,103.37,108.31,107.83,108.61,110.26,111.95,114.33,114.56,114.12,114.44,114.94,117.42,116.95,112.81,9.13
Main Group,Avg. 2021,Jan. 2022,Feb. 2022,Mar. 2022,Apr. 2022,May. 2022,Jun. 2022,Jul. 2022,Aug. 2022,Sep. 2022,Oct. 2022,Nov. 2022,Dec. 2022,Avg. 2022,% Change
Raw materials,104.74,109.59,108.95,115.80,117.21,116.65,113.71,112.50,111.28,110.16,112.03,111.70,110.06,112.47,7.38
Hiring of equipment,101.49,102.82,102.50,102.73,103.49,103.61,105.60,106.07,105.67,105.64,105.81,105.63,106.20,104.65,3.11
Labour cost and wages,138.26,140.15,140.15,145.80,145.80,145.80,144.81,144.81,146.39,147.12,147.12,147.12,147.17,145.19,5.01
General index,112.81,116.76,116.30,122.44,123.45,123.06,120.85,120.03,119.53,118.96,120.26,120.02,118.87,120.04,6.41
Main Group,Avg. 2022,Jan. 2023,Feb. 2023,Mar. 2023,Apr. 2023,May. 2023,Jun. 2023,Jul. 2023,Aug. 2023,Sep. 2023,Oct. 2023,Nov. 2023,Dec. 2023,Avg. 2023,% Change
Raw materials,112.47,111.18,111.40,114.00,113.85,112.15,110.35,110.15,108.75,108.29,109.17,110.45,110.02,110.81,-1.47
Hiring of equipment,104.65,106.56,107.02,107.20,107.07,107.02,106.63,106.42,106.84,107.43,107.18,107.32,106.83,106.96,2.21
Labour cost and wages,145.19,147.17,147.17,149.90,149.90,149.90,150.26,150.26,150.26,152.22,152.22,152.22,153.13,150.38,3.58
General index,120.04,119.66,119.83,122.30,122.19,121.01,119.78,119.63,118.68,119.03,119.63,120.52,120.33,120.21,0.14
Main Group,Avg. 2023,Jan. 2024,Feb. 2024,Mar. 2024,Apr. 2024,May. 2024,Jun. 2024,Jul. 2024,Aug. 2024,Sep. 2024,Oct. 2024,Nov. 2024,Dec. 2024,Avg. 2024,% Change
Raw materials,110.81,109.05,108.73,108.13,108.53,109.99,111.11,111.83,112.27,112.13,111.67,111.45,111.24,110.51,-0.27
Hiring of equipment,106.96,107.04,107.27,107.21,107.16,106.80,106.23,106.43,106.63,106.81,106.82,106.83,106.58,106.82,-0.13
Labour cost and wages,150.38,153.13,153.13,153.93,153.93,153.93,154.11,154.11,154.11,155.98,155.98,155.98,155.22,154.46,2.71
General index,120.21,119.66,119.45,119.22,119.49,120.48,121.30,121.83,122.14,122.46,122.13,121.98,121.61,120.98,0.64
